<?xml version="1.0" encoding="UTF-8"?>
<project-private xmlns="http://www.netbeans.org/ns/project-private/1">
    <editor-bookmarks xmlns="http://www.netbeans.org/ns/editor-bookmarks/2" lastBookmarkId="0"/>
    <open-files xmlns="http://www.netbeans.org/ns/projectui-open-files/2">
        <group>
            <file>file:/D:/JavaProjekt_Jammernegg_Q4_3AHIF/src/ex0004/PlaySound.java</file>
            <file>file:/D:/JavaProjekt_Jammernegg_Q4_3AHIF/src/ex0004/MainMenu.java</file>
            <file>file:/D:/JavaProjekt_Jammernegg_Q4_3AHIF/src/sql/UsersSQL.java</file>
            <file>file:/D:/JavaProjekt_Jammernegg_Q4_3AHIF/src/sql/Users.sql</file>
            <file>file:/D:/JavaProjekt_Jammernegg_Q4_3AHIF/src/ex0004/Animation.java</file>
            <file>file:/D:/JavaProjekt_Jammernegg_Q4_3AHIF/src/ex0004/Collision.java</file>
            <file>file:/D:/JavaProjekt_Jammernegg_Q4_3AHIF/src/data/UserScore.java</file>
            <file>file:/D:/JavaProjekt_Jammernegg_Q4_3AHIF/src/dbconfig/ConfigEnum.java</file>
            <file>file:/D:/JavaProjekt_Jammernegg_Q4_3AHIF/src/db/DBManager.java</file>
            <file>file:/D:/JavaProjekt_Jammernegg_Q4_3AHIF/src/db/DBPropertiesManager.java</file>
            <file>file:/D:/JavaProjekt_Jammernegg_Q4_3AHIF/src/dbconfig/derby.db.properties</file>
            <file>file:/D:/JavaProjekt_Jammernegg_Q4_3AHIF/src/db/DBAccess.java</file>
            <file>file:/D:/JavaProjekt_Jammernegg_Q4_3AHIF/src/model/UserModel.java</file>
            <file>file:/D:/JavaProjekt_Jammernegg_Q4_3AHIF/src/dbconfig/postgres.db.properties</file>
        </group>
    </open-files>
</project-private>
